Product URL,Product Name,Product Price,Rating,Number of Reviews,Description,ASIN,Product Description,Manufacturer
/Skybags-Brat-Black-Casual-Backpack/dp/B08Z1HHHTD,Skybags Brat Black 46 Cms Casual Backpack,599,4.1 out of 5 stars,"4,990",N/A,N/A,N/A,N/A
/American-Tourister-AMT-SCH-02/dp/B07CJCGM1M,American Tourister 32 Ltrs Black Casual Backpack (AMT FIZZ SCH BAG 02 - BLACK),"1,199",4.0 out of 5 stars,"55,165",N/A,N/A,N/A,N/A
/Wesley-Milestone-Waterproof-Backpack-Business/dp/B084JGJ8PF,Wesley Milestone 2.0 Casual Waterproof Laptop Backpack/Office Bag/School Bag/College Bag/Business Bag/Travel Backpack (Dimensions:13x18 inches) (Compatible with 39.62cm(15.6inch laptop) 30 L (Blue & black),550,4.3 out of 5 stars,"11,534",N/A,N/A,N/A,N/A
/Half-Moon-Waterproof-Backpack-Students/dp/B085MHDJ93,"Half Moon 35L Water Resistant 15.6 inch Laptop Bag for Men/Backpack for Men, Navy Blue | Office Bag for Men/Office Bag for Women with Padded Laptop Compartment | Rain Cover & Reflective Strips",649,3.9 out of 5 stars,"16,366",N/A,N/A,N/A,N/A
/Gear-Black-Laptop-Backpack-LBPASPIRE0104/dp/B075MK4TXP,Gear Aspire 30L Water Restant Office Laptop Bag/Backpack for Men/Women/(Black),"1,085",4.4 out of 5 stars,"5,778",N/A,N/A,N/A,N/A
/Number-Backpack-Compartment-Charging-Organizer/dp/B09VTDMRY7,"FUR JADEN Anti Theft Number Lock Backpack Bag with 15.6 Inch Laptop Compartment, USB Charging Port & Organizer Pocket for Men Women Boys Girls",679,4.0 out of 5 stars,"4,631",N/A,N/A,N/A,N/A
/Rucksack-Travel-Backpack-Trekking-Compartment/dp/B07YDGQQN5,"Fur Jaden 55 LTR Rucksack Travel Backpack Bag for Trekking, Hiking with Shoe Compartment",849,4.3 out of 5 stars,"5,376",N/A,N/A,N/A,N/A
/American-Tourister-BACKPACK-COMPARTMENT-ORGANIZER/dp/B0BTD4S4XF,"American Tourister VALEX BLACK LAPTOP BACKPACK 28 Ltrs,Volume, LAPTOP COMPARTMENT, BOTTLE POCKET, FRONT ORGANIZER","1,299",4.3 out of 5 stars,407,N/A,N/A,N/A,N/A
/Half-Moon-Resistant-Backpack-Compartment/dp/B0BJ32LQ6X,Half Moon Large 37L Laptop Bag Backpack for menं Women Boys and Girls Luggage Travel Bags with 17.3 inches Laptop Compartment & Rain Cover,849,3.9 out of 5 stars,"3,066",N/A,N/A,N/A,N/A
/ADISA-Laptop-Backpack-Office-College/dp/B0BPVLXD53,ADISA 32L Large Laptop Backpack Office Bag College Travel Back Pack with rain Cover (Grey),599,3.8 out of 5 stars,223,N/A,N/A,"About The ItemHigh Quality large and spacious laptop backpack with 2 compartments and 2 front easy-access pockets. One compartment is for carrying laptop inside with padding for safety and space for laptop accessories like charger, etc. Other compartment has organiser for pens, visiting cards, etc along with space for carrying papers, files, etc. It has provision for holding bottles on both sides and has padded shoulder straps for your comfort. It comes with a full sized rain cover.AdjustableAdjustable Padded Shoulder StrapsCompartment2 Large compartment with paddingMaterialWater Resistant Strong Polyester",N/A
/SAFARI-Ltrs-Casual-Backpack-DAYPACKNEO15CBSEB/dp/B07Q7CNPMV,SAFARI 15 Ltrs Sea Blue Casual/School/College Backpack (DAYPACKNEO15CBSEB),248,4.0 out of 5 stars,"19,749",N/A,N/A,N/A,N/A
/American-Tourister-BACKPACK-COMPARTMENT-ORGANIZER/dp/B0BTD4FK9G,"American Tourister VALEX BLUE LAPTOP BACKPACK 28 Ltrs,Volume, LAPTOP COMPARTMENT, BOTTLE POCKET, FRONT ORGANIZER","1,399",4.3 out of 5 stars,418,N/A,N/A,N/A,N/A
/ADISA-Laptop-Backpack-Office-College/dp/B09TPX22NF,ADISA 15.6 inch Laptop Backpack Office Bag College Travel Back Pack 32 Ltrs (z-Navy Blue),499,3.9 out of 5 stars,957,N/A,N/A,N/A,N/A
/TRUE-HUMAN-Anti-Theft-backpack-charging/dp/B09QJ7ZF2Y,"TRUE HUMAN Emperor Anti-Theft backpack With USB charging Port Laptop Bag, Office bag, college bag and anti -theft back pocket (Black)",689,3.8 out of 5 stars,"2,207",N/A,N/A,N/A,N/A
/Lenovo-15-6-Inches-Everyday-Backpack/dp/B08R7RPVJF,"Lenovo 15.6"" (39.62cm) Slim Everyday Backpack, Made in India, Compact, Water-resistant, Organized storage:Laptop sleeve,tablet pocket,front workstation,2-side pockets,Padded adjustable shoulder straps",571,4.3 out of 5 stars,"3,457",N/A,N/A,N/A,N/A
/Wesley-Spartan-Hiking-Raincover-Organiser/dp/B098QFF5TJ,Wesley Spartan Unisex Travel Hiking Laptop Bag fits Upto 17.3 inch with Raincover and Internal Organiser Backpack Rucksack College Bag,749,4.1 out of 5 stars,"1,451",N/A,N/A,N/A,N/A
/Skybags-Brat-Black-Casual-Backpack/dp/B08Z1HHHTD,Skybags Brat Black 46 Cms Casual Backpack,599,4.1 out of 5 stars,"4,990",N/A,N/A,N/A,N/A
/American-Tourister-AMT-SCH-02/dp/B07CJCGM1M,American Tourister 32 Ltrs Black Casual Backpack (AMT FIZZ SCH BAG 02 - BLACK),"1,199",4.0 out of 5 stars,"55,165",N/A,N/A,N/A,N/A
/Wesley-Milestone-Waterproof-Backpack-Business/dp/B084JGJ8PF,Wesley Milestone 2.0 Casual Waterproof Laptop Backpack/Office Bag/School Bag/College Bag/Business Bag/Travel Backpack (Dimensions:13x18 inches) (Compatible with 39.62cm(15.6inch laptop) 30 L (Blue & black),550,4.3 out of 5 stars,"11,534",N/A,N/A,N/A,N/A
/Half-Moon-Waterproof-Backpack-Students/dp/B085MHDJ93,"Half Moon 35L Water Resistant 15.6 inch Laptop Bag for Men/Backpack for Men, Navy Blue | Office Bag for Men/Office Bag for Women with Padded Laptop Compartment | Rain Cover & Reflective Strips",649,3.9 out of 5 stars,"16,366",N/A,N/A,N/A,N/A
/Gear-Black-Laptop-Backpack-LBPASPIRE0104/dp/B075MK4TXP,Gear Aspire 30L Water Restant Office Laptop Bag/Backpack for Men/Women/(Black),"1,085",4.4 out of 5 stars,"5,778",N/A,N/A,N/A,N/A
/Number-Backpack-Compartment-Charging-Organizer/dp/B09VTDMRY7,"FUR JADEN Anti Theft Number Lock Backpack Bag with 15.6 Inch Laptop Compartment, USB Charging Port & Organizer Pocket for Men Women Boys Girls",679,4.0 out of 5 stars,"4,631",N/A,N/A,N/A,N/A
/Rucksack-Travel-Backpack-Trekking-Compartment/dp/B07YDGQQN5,"Fur Jaden 55 LTR Rucksack Travel Backpack Bag for Trekking, Hiking with Shoe Compartment",849,4.3 out of 5 stars,"5,376",N/A,N/A,N/A,N/A
/American-Tourister-BACKPACK-COMPARTMENT-ORGANIZER/dp/B0BTD4S4XF,"American Tourister VALEX BLACK LAPTOP BACKPACK 28 Ltrs,Volume, LAPTOP COMPARTMENT, BOTTLE POCKET, FRONT ORGANIZER","1,299",4.3 out of 5 stars,407,N/A,N/A,N/A,N/A
/Half-Moon-Resistant-Backpack-Compartment/dp/B0BJ32LQ6X,Half Moon Large 37L Laptop Bag Backpack for menं Women Boys and Girls Luggage Travel Bags with 17.3 inches Laptop Compartment & Rain Cover,849,3.9 out of 5 stars,"3,066",N/A,N/A,N/A,N/A
/ADISA-Laptop-Backpack-Office-College/dp/B0BPVLXD53,ADISA 32L Large Laptop Backpack Office Bag College Travel Back Pack with rain Cover (Grey),599,3.8 out of 5 stars,223,N/A,N/A,N/A,N/A
/SAFARI-Ltrs-Casual-Backpack-DAYPACKNEO15CBSEB/dp/B07Q7CNPMV,SAFARI 15 Ltrs Sea Blue Casual/School/College Backpack (DAYPACKNEO15CBSEB),248,4.0 out of 5 stars,"19,749",N/A,N/A,N/A,N/A
/American-Tourister-BACKPACK-COMPARTMENT-ORGANIZER/dp/B0BTD4FK9G,"American Tourister VALEX BLUE LAPTOP BACKPACK 28 Ltrs,Volume, LAPTOP COMPARTMENT, BOTTLE POCKET, FRONT ORGANIZER","1,399",4.3 out of 5 stars,418,N/A,N/A,N/A,N/A
/ADISA-Laptop-Backpack-Office-College/dp/B09TPX22NF,ADISA 15.6 inch Laptop Backpack Office Bag College Travel Back Pack 32 Ltrs (z-Navy Blue),499,3.9 out of 5 stars,957,N/A,N/A,N/A,N/A
/TRUE-HUMAN-Anti-Theft-backpack-charging/dp/B09QJ7ZF2Y,"TRUE HUMAN Emperor Anti-Theft backpack With USB charging Port Laptop Bag, Office bag, college bag and anti -theft back pocket (Black)",689,3.8 out of 5 stars,"2,207",N/A,N/A,N/A,N/A
/Lenovo-15-6-Inches-Everyday-Backpack/dp/B08R7RPVJF,"Lenovo 15.6"" (39.62cm) Slim Everyday Backpack, Made in India, Compact, Water-resistant, Organized storage:Laptop sleeve,tablet pocket,front workstation,2-side pockets,Padded adjustable shoulder straps",571,4.3 out of 5 stars,"3,457",N/A,N/A,N/A,N/A
/Wesley-Spartan-Hiking-Raincover-Organiser/dp/B098QFF5TJ,Wesley Spartan Unisex Travel Hiking Laptop Bag fits Upto 17.3 inch with Raincover and Internal Organiser Backpack Rucksack College Bag,749,4.1 out of 5 stars,"1,451",N/A,N/A,N/A,N/A
/Skybags-Brat-Black-Casual-Backpack/dp/B08Z1HHHTD,Skybags Brat Black 46 Cms Casual Backpack,599,4.1 out of 5 stars,"4,990",N/A,N/A,N/A,N/A
/American-Tourister-AMT-SCH-02/dp/B07CJCGM1M,American Tourister 32 Ltrs Black Casual Backpack (AMT FIZZ SCH BAG 02 - BLACK),"1,199",4.0 out of 5 stars,"55,165",N/A,N/A,N/A,N/A
/Wesley-Milestone-Waterproof-Backpack-Business/dp/B084JGJ8PF,Wesley Milestone 2.0 Casual Waterproof Laptop Backpack/Office Bag/School Bag/College Bag/Business Bag/Travel Backpack (Dimensions:13x18 inches) (Compatible with 39.62cm(15.6inch laptop) 30 L (Blue & black),550,4.3 out of 5 stars,"11,534",N/A,N/A,N/A,N/A
/Half-Moon-Waterproof-Backpack-Students/dp/B085MHDJ93,"Half Moon 35L Water Resistant 15.6 inch Laptop Bag for Men/Backpack for Men, Navy Blue | Office Bag for Men/Office Bag for Women with Padded Laptop Compartment | Rain Cover & Reflective Strips",649,3.9 out of 5 stars,"16,366",N/A,N/A,N/A,N/A
/Gear-Black-Laptop-Backpack-LBPASPIRE0104/dp/B075MK4TXP,Gear Aspire 30L Water Restant Office Laptop Bag/Backpack for Men/Women/(Black),"1,085",4.4 out of 5 stars,"5,778",N/A,N/A,N/A,N/A
/Number-Backpack-Compartment-Charging-Organizer/dp/B09VTDMRY7,"FUR JADEN Anti Theft Number Lock Backpack Bag with 15.6 Inch Laptop Compartment, USB Charging Port & Organizer Pocket for Men Women Boys Girls",679,4.0 out of 5 stars,"4,631",N/A,N/A,N/A,N/A
/Rucksack-Travel-Backpack-Trekking-Compartment/dp/B07YDGQQN5,"Fur Jaden 55 LTR Rucksack Travel Backpack Bag for Trekking, Hiking with Shoe Compartment",849,4.3 out of 5 stars,"5,376",N/A,N/A,N/A,N/A
/American-Tourister-BACKPACK-COMPARTMENT-ORGANIZER/dp/B0BTD4S4XF,"American Tourister VALEX BLACK LAPTOP BACKPACK 28 Ltrs,Volume, LAPTOP COMPARTMENT, BOTTLE POCKET, FRONT ORGANIZER","1,299",4.3 out of 5 stars,407,N/A,N/A,N/A,N/A
/Half-Moon-Resistant-Backpack-Compartment/dp/B0BJ32LQ6X,Half Moon Large 37L Laptop Bag Backpack for menं Women Boys and Girls Luggage Travel Bags with 17.3 inches Laptop Compartment & Rain Cover,849,3.9 out of 5 stars,"3,066",N/A,N/A,N/A,N/A
/ADISA-Laptop-Backpack-Office-College/dp/B0BPVLXD53,ADISA 32L Large Laptop Backpack Office Bag College Travel Back Pack with rain Cover (Grey),599,3.8 out of 5 stars,223,N/A,N/A,N/A,N/A
/SAFARI-Ltrs-Casual-Backpack-DAYPACKNEO15CBSEB/dp/B07Q7CNPMV,SAFARI 15 Ltrs Sea Blue Casual/School/College Backpack (DAYPACKNEO15CBSEB),248,4.0 out of 5 stars,"19,749",N/A,N/A,N/A,N/A
/American-Tourister-BACKPACK-COMPARTMENT-ORGANIZER/dp/B0BTD4FK9G,"American Tourister VALEX BLUE LAPTOP BACKPACK 28 Ltrs,Volume, LAPTOP COMPARTMENT, BOTTLE POCKET, FRONT ORGANIZER","1,399",4.3 out of 5 stars,418,N/A,N/A,N/A,N/A
/ADISA-Laptop-Backpack-Office-College/dp/B09TPX22NF,ADISA 15.6 inch Laptop Backpack Office Bag College Travel Back Pack 32 Ltrs (z-Navy Blue),499,3.9 out of 5 stars,957,N/A,N/A,N/A,N/A
/TRUE-HUMAN-Anti-Theft-backpack-charging/dp/B09QJ7ZF2Y,"TRUE HUMAN Emperor Anti-Theft backpack With USB charging Port Laptop Bag, Office bag, college bag and anti -theft back pocket (Black)",689,3.8 out of 5 stars,"2,207",N/A,N/A,N/A,N/A
/Lenovo-15-6-Inches-Everyday-Backpack/dp/B08R7RPVJF,"Lenovo 15.6"" (39.62cm) Slim Everyday Backpack, Made in India, Compact, Water-resistant, Organized storage:Laptop sleeve,tablet pocket,front workstation,2-side pockets,Padded adjustable shoulder straps",571,4.3 out of 5 stars,"3,457",N/A,N/A,N/A,N/A
/Wesley-Spartan-Hiking-Raincover-Organiser/dp/B098QFF5TJ,Wesley Spartan Unisex Travel Hiking Laptop Bag fits Upto 17.3 inch with Raincover and Internal Organiser Backpack Rucksack College Bag,749,4.1 out of 5 stars,"1,451",N/A,N/A,N/A,N/A
/Skybags-Brat-Black-Casual-Backpack/dp/B08Z1HHHTD,Skybags Brat Black 46 Cms Casual Backpack,599,4.1 out of 5 stars,"4,990",N/A,N/A,N/A,N/A
/American-Tourister-AMT-SCH-02/dp/B07CJCGM1M,American Tourister 32 Ltrs Black Casual Backpack (AMT FIZZ SCH BAG 02 - BLACK),"1,199",4.0 out of 5 stars,"55,165",N/A,N/A,N/A,N/A
/Wesley-Milestone-Waterproof-Backpack-Business/dp/B084JGJ8PF,Wesley Milestone 2.0 Casual Waterproof Laptop Backpack/Office Bag/School Bag/College Bag/Business Bag/Travel Backpack (Dimensions:13x18 inches) (Compatible with 39.62cm(15.6inch laptop) 30 L (Blue & black),550,4.3 out of 5 stars,"11,534",N/A,N/A,N/A,N/A
/Half-Moon-Waterproof-Backpack-Students/dp/B085MHDJ93,"Half Moon 35L Water Resistant 15.6 inch Laptop Bag for Men/Backpack for Men, Navy Blue | Office Bag for Men/Office Bag for Women with Padded Laptop Compartment | Rain Cover & Reflective Strips",649,3.9 out of 5 stars,"16,366",N/A,N/A,N/A,N/A
/Gear-Black-Laptop-Backpack-LBPASPIRE0104/dp/B075MK4TXP,Gear Aspire 30L Water Restant Office Laptop Bag/Backpack for Men/Women/(Black),"1,085",4.4 out of 5 stars,"5,778",N/A,N/A,N/A,N/A
/Number-Backpack-Compartment-Charging-Organizer/dp/B09VTDMRY7,"FUR JADEN Anti Theft Number Lock Backpack Bag with 15.6 Inch Laptop Compartment, USB Charging Port & Organizer Pocket for Men Women Boys Girls",679,4.0 out of 5 stars,"4,631",N/A,N/A,N/A,N/A
/Rucksack-Travel-Backpack-Trekking-Compartment/dp/B07YDGQQN5,"Fur Jaden 55 LTR Rucksack Travel Backpack Bag for Trekking, Hiking with Shoe Compartment",849,4.3 out of 5 stars,"5,376",N/A,N/A,N/A,N/A
/American-Tourister-BACKPACK-COMPARTMENT-ORGANIZER/dp/B0BTD4S4XF,"American Tourister VALEX BLACK LAPTOP BACKPACK 28 Ltrs,Volume, LAPTOP COMPARTMENT, BOTTLE POCKET, FRONT ORGANIZER","1,299",4.3 out of 5 stars,407,N/A,N/A,N/A,N/A
/Half-Moon-Resistant-Backpack-Compartment/dp/B0BJ32LQ6X,Half Moon Large 37L Laptop Bag Backpack for menं Women Boys and Girls Luggage Travel Bags with 17.3 inches Laptop Compartment & Rain Cover,849,3.9 out of 5 stars,"3,066",N/A,N/A,N/A,N/A
/ADISA-Laptop-Backpack-Office-College/dp/B0BPVLXD53,ADISA 32L Large Laptop Backpack Office Bag College Travel Back Pack with rain Cover (Grey),599,3.8 out of 5 stars,223,N/A,N/A,N/A,N/A
/SAFARI-Ltrs-Casual-Backpack-DAYPACKNEO15CBSEB/dp/B07Q7CNPMV,SAFARI 15 Ltrs Sea Blue Casual/School/College Backpack (DAYPACKNEO15CBSEB),248,4.0 out of 5 stars,"19,749",N/A,N/A,N/A,N/A
/American-Tourister-BACKPACK-COMPARTMENT-ORGANIZER/dp/B0BTD4FK9G,"American Tourister VALEX BLUE LAPTOP BACKPACK 28 Ltrs,Volume, LAPTOP COMPARTMENT, BOTTLE POCKET, FRONT ORGANIZER","1,399",4.3 out of 5 stars,418,N/A,N/A,N/A,N/A
/ADISA-Laptop-Backpack-Office-College/dp/B09TPX22NF,ADISA 15.6 inch Laptop Backpack Office Bag College Travel Back Pack 32 Ltrs (z-Navy Blue),499,3.9 out of 5 stars,957,N/A,N/A,N/A,N/A
/TRUE-HUMAN-Anti-Theft-backpack-charging/dp/B09QJ7ZF2Y,"TRUE HUMAN Emperor Anti-Theft backpack With USB charging Port Laptop Bag, Office bag, college bag and anti -theft back pocket (Black)",689,3.8 out of 5 stars,"2,207",N/A,N/A,N/A,N/A
/Lenovo-15-6-Inches-Everyday-Backpack/dp/B08R7RPVJF,"Lenovo 15.6"" (39.62cm) Slim Everyday Backpack, Made in India, Compact, Water-resistant, Organized storage:Laptop sleeve,tablet pocket,front workstation,2-side pockets,Padded adjustable shoulder straps",571,4.3 out of 5 stars,"3,457",N/A,N/A,N/A,N/A
/Wesley-Spartan-Hiking-Raincover-Organiser/dp/B098QFF5TJ,Wesley Spartan Unisex Travel Hiking Laptop Bag fits Upto 17.3 inch with Raincover and Internal Organiser Backpack Rucksack College Bag,749,4.1 out of 5 stars,"1,451",N/A,N/A,N/A,N/A
/Skybags-Brat-Black-Casual-Backpack/dp/B08Z1HHHTD,Skybags Brat Black 46 Cms Casual Backpack,599,4.1 out of 5 stars,"4,990",N/A,N/A,N/A,N/A
/American-Tourister-AMT-SCH-02/dp/B07CJCGM1M,American Tourister 32 Ltrs Black Casual Backpack (AMT FIZZ SCH BAG 02 - BLACK),"1,199",4.0 out of 5 stars,"55,165",N/A,N/A,N/A,N/A
/Wesley-Milestone-Waterproof-Backpack-Business/dp/B084JGJ8PF,Wesley Milestone 2.0 Casual Waterproof Laptop Backpack/Office Bag/School Bag/College Bag/Business Bag/Travel Backpack (Dimensions:13x18 inches) (Compatible with 39.62cm(15.6inch laptop) 30 L (Blue & black),550,4.3 out of 5 stars,"11,534",N/A,N/A,N/A,N/A
/Half-Moon-Waterproof-Backpack-Students/dp/B085MHDJ93,"Half Moon 35L Water Resistant 15.6 inch Laptop Bag for Men/Backpack for Men, Navy Blue | Office Bag for Men/Office Bag for Women with Padded Laptop Compartment | Rain Cover & Reflective Strips",649,3.9 out of 5 stars,"16,366",N/A,N/A,N/A,N/A
/Gear-Black-Laptop-Backpack-LBPASPIRE0104/dp/B075MK4TXP,Gear Aspire 30L Water Restant Office Laptop Bag/Backpack for Men/Women/(Black),"1,085",4.4 out of 5 stars,"5,778",N/A,N/A,N/A,N/A
/Number-Backpack-Compartment-Charging-Organizer/dp/B09VTDMRY7,"FUR JADEN Anti Theft Number Lock Backpack Bag with 15.6 Inch Laptop Compartment, USB Charging Port & Organizer Pocket for Men Women Boys Girls",679,4.0 out of 5 stars,"4,631",N/A,N/A,N/A,N/A
/Rucksack-Travel-Backpack-Trekking-Compartment/dp/B07YDGQQN5,"Fur Jaden 55 LTR Rucksack Travel Backpack Bag for Trekking, Hiking with Shoe Compartment",849,4.3 out of 5 stars,"5,376",N/A,N/A,N/A,N/A
/American-Tourister-BACKPACK-COMPARTMENT-ORGANIZER/dp/B0BTD4S4XF,"American Tourister VALEX BLACK LAPTOP BACKPACK 28 Ltrs,Volume, LAPTOP COMPARTMENT, BOTTLE POCKET, FRONT ORGANIZER","1,299",4.3 out of 5 stars,407,N/A,N/A,N/A,N/A
/Half-Moon-Resistant-Backpack-Compartment/dp/B0BJ32LQ6X,Half Moon Large 37L Laptop Bag Backpack for menं Women Boys and Girls Luggage Travel Bags with 17.3 inches Laptop Compartment & Rain Cover,849,3.9 out of 5 stars,"3,066",N/A,N/A,N/A,N/A
/ADISA-Laptop-Backpack-Office-College/dp/B0BPVLXD53,ADISA 32L Large Laptop Backpack Office Bag College Travel Back Pack with rain Cover (Grey),599,3.8 out of 5 stars,223,N/A,N/A,N/A,N/A
/SAFARI-Ltrs-Casual-Backpack-DAYPACKNEO15CBSEB/dp/B07Q7CNPMV,SAFARI 15 Ltrs Sea Blue Casual/School/College Backpack (DAYPACKNEO15CBSEB),248,4.0 out of 5 stars,"19,749",N/A,N/A,N/A,N/A
/American-Tourister-BACKPACK-COMPARTMENT-ORGANIZER/dp/B0BTD4FK9G,"American Tourister VALEX BLUE LAPTOP BACKPACK 28 Ltrs,Volume, LAPTOP COMPARTMENT, BOTTLE POCKET, FRONT ORGANIZER","1,399",4.3 out of 5 stars,418,N/A,N/A,N/A,N/A
/ADISA-Laptop-Backpack-Office-College/dp/B09TPX22NF,ADISA 15.6 inch Laptop Backpack Office Bag College Travel Back Pack 32 Ltrs (z-Navy Blue),499,3.9 out of 5 stars,957,N/A,N/A,N/A,N/A
/TRUE-HUMAN-Anti-Theft-backpack-charging/dp/B09QJ7ZF2Y,"TRUE HUMAN Emperor Anti-Theft backpack With USB charging Port Laptop Bag, Office bag, college bag and anti -theft back pocket (Black)",689,3.8 out of 5 stars,"2,207",N/A,N/A,"True Human Emperor anti theft backpack ( LEGEND )Perfectly designed BagThe bag is aesthetically designed and hand crafted by experts to ensure consistent superior quality and high value for customers . To meet your day to day need, The Laptop Backpack is a lightweight, multi-utility bag .Ease of AccessMulti purpose pockets Super sorted stuff It has a vibrant and stylish design, along with the added benefit of spacious interiors.Anti - Theft PocketHidden storage pocketfor important documents like passports, tickets, cash while on the go.The best in class Anti-TheftThis back pack is a stylish and functional accessory for men and women. Can add admiration to an appealing and daring personality with a remarkable aesthetics and functionality.Integrated Fast charging portUnique pre-fitted USB port helps you to easily connect your phone or any other device with your power bank. Charging system for smart devices  , with free USB (power bank not included )",N/A
/Lenovo-15-6-Inches-Everyday-Backpack/dp/B08R7RPVJF,"Lenovo 15.6"" (39.62cm) Slim Everyday Backpack, Made in India, Compact, Water-resistant, Organized storage:Laptop sleeve,tablet pocket,front workstation,2-side pockets,Padded adjustable shoulder straps",571,4.3 out of 5 stars,"3,457",N/A,N/A,N/A,N/A
/Wesley-Spartan-Hiking-Raincover-Organiser/dp/B098QFF5TJ,Wesley Spartan Unisex Travel Hiking Laptop Bag fits Upto 17.3 inch with Raincover and Internal Organiser Backpack Rucksack College Bag,749,4.1 out of 5 stars,"1,451",N/A,N/A,N/A,N/A
/Skybags-Brat-Black-Casual-Backpack/dp/B08Z1HHHTD,Skybags Brat Black 46 Cms Casual Backpack,599,4.1 out of 5 stars,"4,990",N/A,N/A,N/A,N/A
/American-Tourister-AMT-SCH-02/dp/B07CJCGM1M,American Tourister 32 Ltrs Black Casual Backpack (AMT FIZZ SCH BAG 02 - BLACK),"1,199",4.0 out of 5 stars,"55,165",N/A,N/A,N/A,N/A
/Wesley-Milestone-Waterproof-Backpack-Business/dp/B084JGJ8PF,Wesley Milestone 2.0 Casual Waterproof Laptop Backpack/Office Bag/School Bag/College Bag/Business Bag/Travel Backpack (Dimensions:13x18 inches) (Compatible with 39.62cm(15.6inch laptop) 30 L (Blue & black),550,4.3 out of 5 stars,"11,534",N/A,N/A,N/A,N/A
/Half-Moon-Waterproof-Backpack-Students/dp/B085MHDJ93,"Half Moon 35L Water Resistant 15.6 inch Laptop Bag for Men/Backpack for Men, Navy Blue | Office Bag for Men/Office Bag for Women with Padded Laptop Compartment | Rain Cover & Reflective Strips",649,3.9 out of 5 stars,"16,366",N/A,N/A,N/A,N/A
/Gear-Black-Laptop-Backpack-LBPASPIRE0104/dp/B075MK4TXP,Gear Aspire 30L Water Restant Office Laptop Bag/Backpack for Men/Women/(Black),"1,085",4.4 out of 5 stars,"5,778",N/A,N/A,N/A,N/A
/Number-Backpack-Compartment-Charging-Organizer/dp/B09VTDMRY7,"FUR JADEN Anti Theft Number Lock Backpack Bag with 15.6 Inch Laptop Compartment, USB Charging Port & Organizer Pocket for Men Women Boys Girls",679,4.0 out of 5 stars,"4,631",N/A,N/A,N/A,N/A
/Rucksack-Travel-Backpack-Trekking-Compartment/dp/B07YDGQQN5,"Fur Jaden 55 LTR Rucksack Travel Backpack Bag for Trekking, Hiking with Shoe Compartment",849,4.3 out of 5 stars,"5,376",N/A,N/A,N/A,N/A
/American-Tourister-BACKPACK-COMPARTMENT-ORGANIZER/dp/B0BTD4S4XF,"American Tourister VALEX BLACK LAPTOP BACKPACK 28 Ltrs,Volume, LAPTOP COMPARTMENT, BOTTLE POCKET, FRONT ORGANIZER","1,299",4.3 out of 5 stars,407,N/A,N/A,N/A,N/A
/Half-Moon-Resistant-Backpack-Compartment/dp/B0BJ32LQ6X,Half Moon Large 37L Laptop Bag Backpack for menं Women Boys and Girls Luggage Travel Bags with 17.3 inches Laptop Compartment & Rain Cover,849,3.9 out of 5 stars,"3,066",N/A,N/A,N/A,N/A
/ADISA-Laptop-Backpack-Office-College/dp/B0BPVLXD53,ADISA 32L Large Laptop Backpack Office Bag College Travel Back Pack with rain Cover (Grey),599,3.8 out of 5 stars,223,N/A,N/A,N/A,N/A
/SAFARI-Ltrs-Casual-Backpack-DAYPACKNEO15CBSEB/dp/B07Q7CNPMV,SAFARI 15 Ltrs Sea Blue Casual/School/College Backpack (DAYPACKNEO15CBSEB),248,4.0 out of 5 stars,"19,749",N/A,N/A,N/A,N/A
/American-Tourister-BACKPACK-COMPARTMENT-ORGANIZER/dp/B0BTD4FK9G,"American Tourister VALEX BLUE LAPTOP BACKPACK 28 Ltrs,Volume, LAPTOP COMPARTMENT, BOTTLE POCKET, FRONT ORGANIZER","1,399",4.3 out of 5 stars,418,N/A,N/A,N/A,N/A
/ADISA-Laptop-Backpack-Office-College/dp/B09TPX22NF,ADISA 15.6 inch Laptop Backpack Office Bag College Travel Back Pack 32 Ltrs (z-Navy Blue),499,3.9 out of 5 stars,957,N/A,N/A,N/A,N/A
/TRUE-HUMAN-Anti-Theft-backpack-charging/dp/B09QJ7ZF2Y,"TRUE HUMAN Emperor Anti-Theft backpack With USB charging Port Laptop Bag, Office bag, college bag and anti -theft back pocket (Black)",689,3.8 out of 5 stars,"2,207",N/A,N/A,N/A,N/A
/Lenovo-15-6-Inches-Everyday-Backpack/dp/B08R7RPVJF,"Lenovo 15.6"" (39.62cm) Slim Everyday Backpack, Made in India, Compact, Water-resistant, Organized storage:Laptop sleeve,tablet pocket,front workstation,2-side pockets,Padded adjustable shoulder straps",571,4.3 out of 5 stars,"3,457",N/A,N/A,N/A,N/A
/Wesley-Spartan-Hiking-Raincover-Organiser/dp/B098QFF5TJ,Wesley Spartan Unisex Travel Hiking Laptop Bag fits Upto 17.3 inch with Raincover and Internal Organiser Backpack Rucksack College Bag,749,4.1 out of 5 stars,"1,451",Wesley Spartan Unisex Travel Hiking Laptop Bag fits Upto 17.3 inch with Raincover and Internal Organiser Backpack Rucksack College Bag,N/A,N/A,N/A
/Skybags-Brat-Black-Casual-Backpack/dp/B08Z1HHHTD,Skybags Brat Black 46 Cms Casual Backpack,599,4.1 out of 5 stars,"4,990",N/A,N/A,N/A,N/A
/American-Tourister-AMT-SCH-02/dp/B07CJCGM1M,American Tourister 32 Ltrs Black Casual Backpack (AMT FIZZ SCH BAG 02 - BLACK),"1,199",4.0 out of 5 stars,"55,165",N/A,N/A,N/A,N/A
/Wesley-Milestone-Waterproof-Backpack-Business/dp/B084JGJ8PF,Wesley Milestone 2.0 Casual Waterproof Laptop Backpack/Office Bag/School Bag/College Bag/Business Bag/Travel Backpack (Dimensions:13x18 inches) (Compatible with 39.62cm(15.6inch laptop) 30 L (Blue & black),550,4.3 out of 5 stars,"11,534",N/A,N/A,N/A,N/A
/Half-Moon-Waterproof-Backpack-Students/dp/B085MHDJ93,"Half Moon 35L Water Resistant 15.6 inch Laptop Bag for Men/Backpack for Men, Navy Blue | Office Bag for Men/Office Bag for Women with Padded Laptop Compartment | Rain Cover & Reflective Strips",649,3.9 out of 5 stars,"16,366",N/A,N/A,N/A,N/A
/Gear-Black-Laptop-Backpack-LBPASPIRE0104/dp/B075MK4TXP,Gear Aspire 30L Water Restant Office Laptop Bag/Backpack for Men/Women/(Black),"1,085",4.4 out of 5 stars,"5,778",N/A,N/A,N/A,N/A
/Number-Backpack-Compartment-Charging-Organizer/dp/B09VTDMRY7,"FUR JADEN Anti Theft Number Lock Backpack Bag with 15.6 Inch Laptop Compartment, USB Charging Port & Organizer Pocket for Men Women Boys Girls",679,4.0 out of 5 stars,"4,631",N/A,N/A,N/A,N/A
/Rucksack-Travel-Backpack-Trekking-Compartment/dp/B07YDGQQN5,"Fur Jaden 55 LTR Rucksack Travel Backpack Bag for Trekking, Hiking with Shoe Compartment",849,4.3 out of 5 stars,"5,376",N/A,N/A,N/A,N/A
/American-Tourister-BACKPACK-COMPARTMENT-ORGANIZER/dp/B0BTD4S4XF,"American Tourister VALEX BLACK LAPTOP BACKPACK 28 Ltrs,Volume, LAPTOP COMPARTMENT, BOTTLE POCKET, FRONT ORGANIZER","1,299",4.3 out of 5 stars,407,N/A,N/A,N/A,N/A
/Half-Moon-Resistant-Backpack-Compartment/dp/B0BJ32LQ6X,Half Moon Large 37L Laptop Bag Backpack for menं Women Boys and Girls Luggage Travel Bags with 17.3 inches Laptop Compartment & Rain Cover,849,3.9 out of 5 stars,"3,066",N/A,N/A,N/A,N/A
/ADISA-Laptop-Backpack-Office-College/dp/B0BPVLXD53,ADISA 32L Large Laptop Backpack Office Bag College Travel Back Pack with rain Cover (Grey),599,3.8 out of 5 stars,223,N/A,N/A,N/A,N/A
/SAFARI-Ltrs-Casual-Backpack-DAYPACKNEO15CBSEB/dp/B07Q7CNPMV,SAFARI 15 Ltrs Sea Blue Casual/School/College Backpack (DAYPACKNEO15CBSEB),248,4.0 out of 5 stars,"19,749","Be it your short trips or your daily travel across the city, daypack has got you covered. With a 15 litre capacity daypack lets you carry your wallet, umbrella, kerchief, keys, earphones, Notepad, pens and other Essentials. The drawstring compartment lets you dump things that you pick up on your way. Compact Size and 2 Compartment.",N/A,N/A,N/A
/American-Tourister-BACKPACK-COMPARTMENT-ORGANIZER/dp/B0BTD4FK9G,"American Tourister VALEX BLUE LAPTOP BACKPACK 28 Ltrs,Volume, LAPTOP COMPARTMENT, BOTTLE POCKET, FRONT ORGANIZER","1,399",4.3 out of 5 stars,418,N/A,N/A,N/A,N/A
/ADISA-Laptop-Backpack-Office-College/dp/B09TPX22NF,ADISA 15.6 inch Laptop Backpack Office Bag College Travel Back Pack 32 Ltrs (z-Navy Blue),499,3.9 out of 5 stars,957,N/A,N/A,N/A,N/A
/TRUE-HUMAN-Anti-Theft-backpack-charging/dp/B09QJ7ZF2Y,"TRUE HUMAN Emperor Anti-Theft backpack With USB charging Port Laptop Bag, Office bag, college bag and anti -theft back pocket (Black)",689,3.8 out of 5 stars,"2,207",N/A,N/A,N/A,N/A
/Lenovo-15-6-Inches-Everyday-Backpack/dp/B08R7RPVJF,"Lenovo 15.6"" (39.62cm) Slim Everyday Backpack, Made in India, Compact, Water-resistant, Organized storage:Laptop sleeve,tablet pocket,front workstation,2-side pockets,Padded adjustable shoulder straps",571,4.3 out of 5 stars,"3,457",N/A,N/A,N/A,N/A
/Wesley-Spartan-Hiking-Raincover-Organiser/dp/B098QFF5TJ,Wesley Spartan Unisex Travel Hiking Laptop Bag fits Upto 17.3 inch with Raincover and Internal Organiser Backpack Rucksack College Bag,749,4.1 out of 5 stars,"1,451",N/A,N/A,N/A,N/A
/Skybags-Brat-Black-Casual-Backpack/dp/B08Z1HHHTD,Skybags Brat Black 46 Cms Casual Backpack,599,4.1 out of 5 stars,"4,990",N/A,N/A,N/A,N/A
/American-Tourister-AMT-SCH-02/dp/B07CJCGM1M,American Tourister 32 Ltrs Black Casual Backpack (AMT FIZZ SCH BAG 02 - BLACK),"1,199",4.0 out of 5 stars,"55,165",N/A,N/A,N/A,N/A
/Wesley-Milestone-Waterproof-Backpack-Business/dp/B084JGJ8PF,Wesley Milestone 2.0 Casual Waterproof Laptop Backpack/Office Bag/School Bag/College Bag/Business Bag/Travel Backpack (Dimensions:13x18 inches) (Compatible with 39.62cm(15.6inch laptop) 30 L (Blue & black),550,4.3 out of 5 stars,"11,534",N/A,N/A,N/A,N/A
/Half-Moon-Waterproof-Backpack-Students/dp/B085MHDJ93,"Half Moon 35L Water Resistant 15.6 inch Laptop Bag for Men/Backpack for Men, Navy Blue | Office Bag for Men/Office Bag for Women with Padded Laptop Compartment | Rain Cover & Reflective Strips",649,3.9 out of 5 stars,"16,366",N/A,N/A,N/A,N/A
/Gear-Black-Laptop-Backpack-LBPASPIRE0104/dp/B075MK4TXP,Gear Aspire 30L Water Restant Office Laptop Bag/Backpack for Men/Women/(Black),"1,085",4.4 out of 5 stars,"5,778",N/A,N/A,N/A,N/A
/Number-Backpack-Compartment-Charging-Organizer/dp/B09VTDMRY7,"FUR JADEN Anti Theft Number Lock Backpack Bag with 15.6 Inch Laptop Compartment, USB Charging Port & Organizer Pocket for Men Women Boys Girls",679,4.0 out of 5 stars,"4,631",N/A,N/A,N/A,N/A
/Rucksack-Travel-Backpack-Trekking-Compartment/dp/B07YDGQQN5,"Fur Jaden 55 LTR Rucksack Travel Backpack Bag for Trekking, Hiking with Shoe Compartment",849,4.3 out of 5 stars,"5,376",N/A,N/A,N/A,N/A
/American-Tourister-BACKPACK-COMPARTMENT-ORGANIZER/dp/B0BTD4S4XF,"American Tourister VALEX BLACK LAPTOP BACKPACK 28 Ltrs,Volume, LAPTOP COMPARTMENT, BOTTLE POCKET, FRONT ORGANIZER","1,299",4.3 out of 5 stars,407,N/A,N/A,N/A,N/A
/Half-Moon-Resistant-Backpack-Compartment/dp/B0BJ32LQ6X,Half Moon Large 37L Laptop Bag Backpack for menं Women Boys and Girls Luggage Travel Bags with 17.3 inches Laptop Compartment & Rain Cover,849,3.9 out of 5 stars,"3,066",N/A,N/A,N/A,N/A
/ADISA-Laptop-Backpack-Office-College/dp/B0BPVLXD53,ADISA 32L Large Laptop Backpack Office Bag College Travel Back Pack with rain Cover (Grey),599,3.8 out of 5 stars,223,N/A,N/A,N/A,N/A
/SAFARI-Ltrs-Casual-Backpack-DAYPACKNEO15CBSEB/dp/B07Q7CNPMV,SAFARI 15 Ltrs Sea Blue Casual/School/College Backpack (DAYPACKNEO15CBSEB),248,4.0 out of 5 stars,"19,749",N/A,N/A,N/A,N/A
/American-Tourister-BACKPACK-COMPARTMENT-ORGANIZER/dp/B0BTD4FK9G,"American Tourister VALEX BLUE LAPTOP BACKPACK 28 Ltrs,Volume, LAPTOP COMPARTMENT, BOTTLE POCKET, FRONT ORGANIZER","1,399",4.3 out of 5 stars,418,N/A,N/A,N/A,N/A
/ADISA-Laptop-Backpack-Office-College/dp/B09TPX22NF,ADISA 15.6 inch Laptop Backpack Office Bag College Travel Back Pack 32 Ltrs (z-Navy Blue),499,3.9 out of 5 stars,957,N/A,N/A,N/A,N/A
/TRUE-HUMAN-Anti-Theft-backpack-charging/dp/B09QJ7ZF2Y,"TRUE HUMAN Emperor Anti-Theft backpack With USB charging Port Laptop Bag, Office bag, college bag and anti -theft back pocket (Black)",689,3.8 out of 5 stars,"2,207",N/A,N/A,N/A,N/A
/Lenovo-15-6-Inches-Everyday-Backpack/dp/B08R7RPVJF,"Lenovo 15.6"" (39.62cm) Slim Everyday Backpack, Made in India, Compact, Water-resistant, Organized storage:Laptop sleeve,tablet pocket,front workstation,2-side pockets,Padded adjustable shoulder straps",571,4.3 out of 5 stars,"3,457",N/A,N/A,N/A,N/A
/Wesley-Spartan-Hiking-Raincover-Organiser/dp/B098QFF5TJ,Wesley Spartan Unisex Travel Hiking Laptop Bag fits Upto 17.3 inch with Raincover and Internal Organiser Backpack Rucksack College Bag,749,4.1 out of 5 stars,"1,451",N/A,N/A,N/A,N/A
/Skybags-Brat-Black-Casual-Backpack/dp/B08Z1HHHTD,Skybags Brat Black 46 Cms Casual Backpack,599,4.1 out of 5 stars,"4,990",N/A,N/A,N/A,N/A
/American-Tourister-AMT-SCH-02/dp/B07CJCGM1M,American Tourister 32 Ltrs Black Casual Backpack (AMT FIZZ SCH BAG 02 - BLACK),"1,199",4.0 out of 5 stars,"55,165",N/A,N/A,N/A,N/A
/Wesley-Milestone-Waterproof-Backpack-Business/dp/B084JGJ8PF,Wesley Milestone 2.0 Casual Waterproof Laptop Backpack/Office Bag/School Bag/College Bag/Business Bag/Travel Backpack (Dimensions:13x18 inches) (Compatible with 39.62cm(15.6inch laptop) 30 L (Blue & black),550,4.3 out of 5 stars,"11,534",N/A,N/A,N/A,N/A
/Half-Moon-Waterproof-Backpack-Students/dp/B085MHDJ93,"Half Moon 35L Water Resistant 15.6 inch Laptop Bag for Men/Backpack for Men, Navy Blue | Office Bag for Men/Office Bag for Women with Padded Laptop Compartment | Rain Cover & Reflective Strips",649,3.9 out of 5 stars,"16,366",N/A,N/A,N/A,N/A
/Gear-Black-Laptop-Backpack-LBPASPIRE0104/dp/B075MK4TXP,Gear Aspire 30L Water Restant Office Laptop Bag/Backpack for Men/Women/(Black),"1,085",4.4 out of 5 stars,"5,778",N/A,N/A,N/A,N/A
/Number-Backpack-Compartment-Charging-Organizer/dp/B09VTDMRY7,"FUR JADEN Anti Theft Number Lock Backpack Bag with 15.6 Inch Laptop Compartment, USB Charging Port & Organizer Pocket for Men Women Boys Girls",679,4.0 out of 5 stars,"4,631",N/A,N/A,N/A,N/A
/Rucksack-Travel-Backpack-Trekking-Compartment/dp/B07YDGQQN5,"Fur Jaden 55 LTR Rucksack Travel Backpack Bag for Trekking, Hiking with Shoe Compartment",849,4.3 out of 5 stars,"5,376",N/A,N/A,N/A,N/A
/American-Tourister-BACKPACK-COMPARTMENT-ORGANIZER/dp/B0BTD4S4XF,"American Tourister VALEX BLACK LAPTOP BACKPACK 28 Ltrs,Volume, LAPTOP COMPARTMENT, BOTTLE POCKET, FRONT ORGANIZER","1,299",4.3 out of 5 stars,407,N/A,N/A,N/A,N/A
/Half-Moon-Resistant-Backpack-Compartment/dp/B0BJ32LQ6X,Half Moon Large 37L Laptop Bag Backpack for menं Women Boys and Girls Luggage Travel Bags with 17.3 inches Laptop Compartment & Rain Cover,849,3.9 out of 5 stars,"3,066",N/A,N/A,N/A,N/A
/ADISA-Laptop-Backpack-Office-College/dp/B0BPVLXD53,ADISA 32L Large Laptop Backpack Office Bag College Travel Back Pack with rain Cover (Grey),599,3.8 out of 5 stars,223,N/A,N/A,N/A,N/A
/SAFARI-Ltrs-Casual-Backpack-DAYPACKNEO15CBSEB/dp/B07Q7CNPMV,SAFARI 15 Ltrs Sea Blue Casual/School/College Backpack (DAYPACKNEO15CBSEB),248,4.0 out of 5 stars,"19,749",N/A,N/A,N/A,N/A
/American-Tourister-BACKPACK-COMPARTMENT-ORGANIZER/dp/B0BTD4FK9G,"American Tourister VALEX BLUE LAPTOP BACKPACK 28 Ltrs,Volume, LAPTOP COMPARTMENT, BOTTLE POCKET, FRONT ORGANIZER","1,399",4.3 out of 5 stars,418,"A backpack isn’t just a bag. It’s a cache, a case, a mobile base of sorts. And it is a reflection of the care you’ve put into selecting the ideal loadout of items to keep on you. Introducing Valex, a modern everyday backpacks collections are available in a variety of nice looking colours to express your true self",N/A,N/A,N/A
/ADISA-Laptop-Backpack-Office-College/dp/B09TPX22NF,ADISA 15.6 inch Laptop Backpack Office Bag College Travel Back Pack 32 Ltrs (z-Navy Blue),499,3.9 out of 5 stars,957,N/A,N/A,"DESCRIPTIONLight weight and spacious laptop backpack with 2 compartments and 1 front easy-access pocket. One compartment is for carrying laptop inside with padding for safety and space for laptop accessories like charger, etc. Other compartment has organiser for pens, visiting cards, etc along with space for carrying papers, files, etc. It has provision for holding bottles on both sides and has padded shoulder straps for your comfort.HighlightsBackpack FeaturesHighlightsAvailable in 3 colors",N/A
/TRUE-HUMAN-Anti-Theft-backpack-charging/dp/B09QJ7ZF2Y,"TRUE HUMAN Emperor Anti-Theft backpack With USB charging Port Laptop Bag, Office bag, college bag and anti -theft back pocket (Black)",689,3.8 out of 5 stars,"2,207",N/A,N/A,N/A,N/A
/Lenovo-15-6-Inches-Everyday-Backpack/dp/B08R7RPVJF,"Lenovo 15.6"" (39.62cm) Slim Everyday Backpack, Made in India, Compact, Water-resistant, Organized storage:Laptop sleeve,tablet pocket,front workstation,2-side pockets,Padded adjustable shoulder straps",571,4.3 out of 5 stars,"3,457",N/A,N/A,N/A,N/A
/Wesley-Spartan-Hiking-Raincover-Organiser/dp/B098QFF5TJ,Wesley Spartan Unisex Travel Hiking Laptop Bag fits Upto 17.3 inch with Raincover and Internal Organiser Backpack Rucksack College Bag,749,4.1 out of 5 stars,"1,451",N/A,N/A,N/A,N/A
/Skybags-Brat-Black-Casual-Backpack/dp/B08Z1HHHTD,Skybags Brat Black 46 Cms Casual Backpack,599,4.1 out of 5 stars,"4,990",N/A,N/A,N/A,N/A
/American-Tourister-AMT-SCH-02/dp/B07CJCGM1M,American Tourister 32 Ltrs Black Casual Backpack (AMT FIZZ SCH BAG 02 - BLACK),"1,199",4.0 out of 5 stars,"55,165",N/A,N/A,N/A,N/A
/Wesley-Milestone-Waterproof-Backpack-Business/dp/B084JGJ8PF,Wesley Milestone 2.0 Casual Waterproof Laptop Backpack/Office Bag/School Bag/College Bag/Business Bag/Travel Backpack (Dimensions:13x18 inches) (Compatible with 39.62cm(15.6inch laptop) 30 L (Blue & black),550,4.3 out of 5 stars,"11,534",N/A,N/A,N/A,N/A
/Half-Moon-Waterproof-Backpack-Students/dp/B085MHDJ93,"Half Moon 35L Water Resistant 15.6 inch Laptop Bag for Men/Backpack for Men, Navy Blue | Office Bag for Men/Office Bag for Women with Padded Laptop Compartment | Rain Cover & Reflective Strips",649,3.9 out of 5 stars,"16,366",N/A,N/A,N/A,N/A
/Gear-Black-Laptop-Backpack-LBPASPIRE0104/dp/B075MK4TXP,Gear Aspire 30L Water Restant Office Laptop Bag/Backpack for Men/Women/(Black),"1,085",4.4 out of 5 stars,"5,778",N/A,N/A,N/A,N/A
/Number-Backpack-Compartment-Charging-Organizer/dp/B09VTDMRY7,"FUR JADEN Anti Theft Number Lock Backpack Bag with 15.6 Inch Laptop Compartment, USB Charging Port & Organizer Pocket for Men Women Boys Girls",679,4.0 out of 5 stars,"4,631",N/A,N/A,N/A,N/A
/Rucksack-Travel-Backpack-Trekking-Compartment/dp/B07YDGQQN5,"Fur Jaden 55 LTR Rucksack Travel Backpack Bag for Trekking, Hiking with Shoe Compartment",849,4.3 out of 5 stars,"5,376",N/A,N/A,N/A,N/A
/American-Tourister-BACKPACK-COMPARTMENT-ORGANIZER/dp/B0BTD4S4XF,"American Tourister VALEX BLACK LAPTOP BACKPACK 28 Ltrs,Volume, LAPTOP COMPARTMENT, BOTTLE POCKET, FRONT ORGANIZER","1,299",4.3 out of 5 stars,407,N/A,N/A,N/A,N/A
/Half-Moon-Resistant-Backpack-Compartment/dp/B0BJ32LQ6X,Half Moon Large 37L Laptop Bag Backpack for menं Women Boys and Girls Luggage Travel Bags with 17.3 inches Laptop Compartment & Rain Cover,849,3.9 out of 5 stars,"3,066",N/A,N/A,N/A,N/A
/ADISA-Laptop-Backpack-Office-College/dp/B0BPVLXD53,ADISA 32L Large Laptop Backpack Office Bag College Travel Back Pack with rain Cover (Grey),599,3.8 out of 5 stars,223,N/A,N/A,N/A,N/A
/SAFARI-Ltrs-Casual-Backpack-DAYPACKNEO15CBSEB/dp/B07Q7CNPMV,SAFARI 15 Ltrs Sea Blue Casual/School/College Backpack (DAYPACKNEO15CBSEB),248,4.0 out of 5 stars,"19,749",N/A,N/A,N/A,N/A
/American-Tourister-BACKPACK-COMPARTMENT-ORGANIZER/dp/B0BTD4FK9G,"American Tourister VALEX BLUE LAPTOP BACKPACK 28 Ltrs,Volume, LAPTOP COMPARTMENT, BOTTLE POCKET, FRONT ORGANIZER","1,399",4.3 out of 5 stars,418,N/A,N/A,N/A,N/A
/ADISA-Laptop-Backpack-Office-College/dp/B09TPX22NF,ADISA 15.6 inch Laptop Backpack Office Bag College Travel Back Pack 32 Ltrs (z-Navy Blue),499,3.9 out of 5 stars,957,N/A,N/A,N/A,N/A
/TRUE-HUMAN-Anti-Theft-backpack-charging/dp/B09QJ7ZF2Y,"TRUE HUMAN Emperor Anti-Theft backpack With USB charging Port Laptop Bag, Office bag, college bag and anti -theft back pocket (Black)",689,3.8 out of 5 stars,"2,207",N/A,N/A,N/A,N/A
/Lenovo-15-6-Inches-Everyday-Backpack/dp/B08R7RPVJF,"Lenovo 15.6"" (39.62cm) Slim Everyday Backpack, Made in India, Compact, Water-resistant, Organized storage:Laptop sleeve,tablet pocket,front workstation,2-side pockets,Padded adjustable shoulder straps",571,4.3 out of 5 stars,"3,457",N/A,N/A,N/A,N/A
/Wesley-Spartan-Hiking-Raincover-Organiser/dp/B098QFF5TJ,Wesley Spartan Unisex Travel Hiking Laptop Bag fits Upto 17.3 inch with Raincover and Internal Organiser Backpack Rucksack College Bag,749,4.1 out of 5 stars,"1,451",N/A,N/A,N/A,N/A
/Skybags-Brat-Black-Casual-Backpack/dp/B08Z1HHHTD,Skybags Brat Black 46 Cms Casual Backpack,599,4.1 out of 5 stars,"4,990",N/A,N/A,N/A,N/A
/American-Tourister-AMT-SCH-02/dp/B07CJCGM1M,American Tourister 32 Ltrs Black Casual Backpack (AMT FIZZ SCH BAG 02 - BLACK),"1,199",4.0 out of 5 stars,"55,165",N/A,N/A,N/A,N/A
/Wesley-Milestone-Waterproof-Backpack-Business/dp/B084JGJ8PF,Wesley Milestone 2.0 Casual Waterproof Laptop Backpack/Office Bag/School Bag/College Bag/Business Bag/Travel Backpack (Dimensions:13x18 inches) (Compatible with 39.62cm(15.6inch laptop) 30 L (Blue & black),550,4.3 out of 5 stars,"11,534",N/A,N/A,N/A,N/A
/Half-Moon-Waterproof-Backpack-Students/dp/B085MHDJ93,"Half Moon 35L Water Resistant 15.6 inch Laptop Bag for Men/Backpack for Men, Navy Blue | Office Bag for Men/Office Bag for Women with Padded Laptop Compartment | Rain Cover & Reflective Strips",649,3.9 out of 5 stars,"16,366",N/A,N/A,N/A,N/A
/Gear-Black-Laptop-Backpack-LBPASPIRE0104/dp/B075MK4TXP,Gear Aspire 30L Water Restant Office Laptop Bag/Backpack for Men/Women/(Black),"1,085",4.4 out of 5 stars,"5,778",N/A,N/A,N/A,N/A
/Number-Backpack-Compartment-Charging-Organizer/dp/B09VTDMRY7,"FUR JADEN Anti Theft Number Lock Backpack Bag with 15.6 Inch Laptop Compartment, USB Charging Port & Organizer Pocket for Men Women Boys Girls",679,4.0 out of 5 stars,"4,631",N/A,N/A,N/A,N/A
/Rucksack-Travel-Backpack-Trekking-Compartment/dp/B07YDGQQN5,"Fur Jaden 55 LTR Rucksack Travel Backpack Bag for Trekking, Hiking with Shoe Compartment",849,4.3 out of 5 stars,"5,376",N/A,N/A,N/A,N/A
/American-Tourister-BACKPACK-COMPARTMENT-ORGANIZER/dp/B0BTD4S4XF,"American Tourister VALEX BLACK LAPTOP BACKPACK 28 Ltrs,Volume, LAPTOP COMPARTMENT, BOTTLE POCKET, FRONT ORGANIZER","1,299",4.3 out of 5 stars,407,N/A,N/A,N/A,N/A
/Half-Moon-Resistant-Backpack-Compartment/dp/B0BJ32LQ6X,Half Moon Large 37L Laptop Bag Backpack for menं Women Boys and Girls Luggage Travel Bags with 17.3 inches Laptop Compartment & Rain Cover,849,3.9 out of 5 stars,"3,066",N/A,N/A,N/A,N/A
/ADISA-Laptop-Backpack-Office-College/dp/B0BPVLXD53,ADISA 32L Large Laptop Backpack Office Bag College Travel Back Pack with rain Cover (Grey),599,3.8 out of 5 stars,223,N/A,N/A,N/A,N/A
/SAFARI-Ltrs-Casual-Backpack-DAYPACKNEO15CBSEB/dp/B07Q7CNPMV,SAFARI 15 Ltrs Sea Blue Casual/School/College Backpack (DAYPACKNEO15CBSEB),248,4.0 out of 5 stars,"19,749",N/A,N/A,N/A,N/A
/American-Tourister-BACKPACK-COMPARTMENT-ORGANIZER/dp/B0BTD4FK9G,"American Tourister VALEX BLUE LAPTOP BACKPACK 28 Ltrs,Volume, LAPTOP COMPARTMENT, BOTTLE POCKET, FRONT ORGANIZER","1,399",4.3 out of 5 stars,418,N/A,N/A,N/A,N/A
/ADISA-Laptop-Backpack-Office-College/dp/B09TPX22NF,ADISA 15.6 inch Laptop Backpack Office Bag College Travel Back Pack 32 Ltrs (z-Navy Blue),499,3.9 out of 5 stars,957,N/A,N/A,N/A,N/A
/TRUE-HUMAN-Anti-Theft-backpack-charging/dp/B09QJ7ZF2Y,"TRUE HUMAN Emperor Anti-Theft backpack With USB charging Port Laptop Bag, Office bag, college bag and anti -theft back pocket (Black)",689,3.8 out of 5 stars,"2,207",N/A,N/A,N/A,N/A
/Lenovo-15-6-Inches-Everyday-Backpack/dp/B08R7RPVJF,"Lenovo 15.6"" (39.62cm) Slim Everyday Backpack, Made in India, Compact, Water-resistant, Organized storage:Laptop sleeve,tablet pocket,front workstation,2-side pockets,Padded adjustable shoulder straps",571,4.3 out of 5 stars,"3,457",N/A,N/A,N/A,N/A
/Wesley-Spartan-Hiking-Raincover-Organiser/dp/B098QFF5TJ,Wesley Spartan Unisex Travel Hiking Laptop Bag fits Upto 17.3 inch with Raincover and Internal Organiser Backpack Rucksack College Bag,749,4.1 out of 5 stars,"1,451",Wesley Spartan Unisex Travel Hiking Laptop Bag fits Upto 17.3 inch with Raincover and Internal Organiser Backpack Rucksack College Bag,N/A,N/A,N/A
/Skybags-Brat-Black-Casual-Backpack/dp/B08Z1HHHTD,Skybags Brat Black 46 Cms Casual Backpack,599,4.1 out of 5 stars,"4,990",N/A,N/A,N/A,N/A
/American-Tourister-AMT-SCH-02/dp/B07CJCGM1M,American Tourister 32 Ltrs Black Casual Backpack (AMT FIZZ SCH BAG 02 - BLACK),"1,199",4.0 out of 5 stars,"55,165",N/A,N/A,N/A,N/A
/Wesley-Milestone-Waterproof-Backpack-Business/dp/B084JGJ8PF,Wesley Milestone 2.0 Casual Waterproof Laptop Backpack/Office Bag/School Bag/College Bag/Business Bag/Travel Backpack (Dimensions:13x18 inches) (Compatible with 39.62cm(15.6inch laptop) 30 L (Blue & black),550,4.3 out of 5 stars,"11,534",N/A,N/A,N/A,N/A
/Half-Moon-Waterproof-Backpack-Students/dp/B085MHDJ93,"Half Moon 35L Water Resistant 15.6 inch Laptop Bag for Men/Backpack for Men, Navy Blue | Office Bag for Men/Office Bag for Women with Padded Laptop Compartment | Rain Cover & Reflective Strips",649,3.9 out of 5 stars,"16,366",N/A,N/A,N/A,N/A
/Gear-Black-Laptop-Backpack-LBPASPIRE0104/dp/B075MK4TXP,Gear Aspire 30L Water Restant Office Laptop Bag/Backpack for Men/Women/(Black),"1,085",4.4 out of 5 stars,"5,778",N/A,N/A,N/A,N/A
/Number-Backpack-Compartment-Charging-Organizer/dp/B09VTDMRY7,"FUR JADEN Anti Theft Number Lock Backpack Bag with 15.6 Inch Laptop Compartment, USB Charging Port & Organizer Pocket for Men Women Boys Girls",679,4.0 out of 5 stars,"4,631",N/A,N/A,N/A,N/A
/Rucksack-Travel-Backpack-Trekking-Compartment/dp/B07YDGQQN5,"Fur Jaden 55 LTR Rucksack Travel Backpack Bag for Trekking, Hiking with Shoe Compartment",849,4.3 out of 5 stars,"5,376",N/A,N/A,N/A,N/A
/American-Tourister-BACKPACK-COMPARTMENT-ORGANIZER/dp/B0BTD4S4XF,"American Tourister VALEX BLACK LAPTOP BACKPACK 28 Ltrs,Volume, LAPTOP COMPARTMENT, BOTTLE POCKET, FRONT ORGANIZER","1,299",4.3 out of 5 stars,407,N/A,N/A,N/A,N/A
/Half-Moon-Resistant-Backpack-Compartment/dp/B0BJ32LQ6X,Half Moon Large 37L Laptop Bag Backpack for menं Women Boys and Girls Luggage Travel Bags with 17.3 inches Laptop Compartment & Rain Cover,849,3.9 out of 5 stars,"3,066",N/A,N/A,N/A,N/A
/ADISA-Laptop-Backpack-Office-College/dp/B0BPVLXD53,ADISA 32L Large Laptop Backpack Office Bag College Travel Back Pack with rain Cover (Grey),599,3.8 out of 5 stars,223,N/A,N/A,N/A,N/A
/SAFARI-Ltrs-Casual-Backpack-DAYPACKNEO15CBSEB/dp/B07Q7CNPMV,SAFARI 15 Ltrs Sea Blue Casual/School/College Backpack (DAYPACKNEO15CBSEB),248,4.0 out of 5 stars,"19,749",N/A,N/A,N/A,N/A
/American-Tourister-BACKPACK-COMPARTMENT-ORGANIZER/dp/B0BTD4FK9G,"American Tourister VALEX BLUE LAPTOP BACKPACK 28 Ltrs,Volume, LAPTOP COMPARTMENT, BOTTLE POCKET, FRONT ORGANIZER","1,399",4.3 out of 5 stars,418,N/A,N/A,N/A,N/A
/ADISA-Laptop-Backpack-Office-College/dp/B09TPX22NF,ADISA 15.6 inch Laptop Backpack Office Bag College Travel Back Pack 32 Ltrs (z-Navy Blue),499,3.9 out of 5 stars,957,N/A,N/A,N/A,N/A
/TRUE-HUMAN-Anti-Theft-backpack-charging/dp/B09QJ7ZF2Y,"TRUE HUMAN Emperor Anti-Theft backpack With USB charging Port Laptop Bag, Office bag, college bag and anti -theft back pocket (Black)",689,3.8 out of 5 stars,"2,207",N/A,N/A,N/A,N/A
/Lenovo-15-6-Inches-Everyday-Backpack/dp/B08R7RPVJF,"Lenovo 15.6"" (39.62cm) Slim Everyday Backpack, Made in India, Compact, Water-resistant, Organized storage:Laptop sleeve,tablet pocket,front workstation,2-side pockets,Padded adjustable shoulder straps",571,4.3 out of 5 stars,"3,457",N/A,N/A,N/A,N/A
/Wesley-Spartan-Hiking-Raincover-Organiser/dp/B098QFF5TJ,Wesley Spartan Unisex Travel Hiking Laptop Bag fits Upto 17.3 inch with Raincover and Internal Organiser Backpack Rucksack College Bag,749,4.1 out of 5 stars,"1,451",N/A,N/A,N/A,N/A
/Skybags-Brat-Black-Casual-Backpack/dp/B08Z1HHHTD,Skybags Brat Black 46 Cms Casual Backpack,599,4.1 out of 5 stars,"4,990",N/A,N/A,N/A,N/A
/American-Tourister-AMT-SCH-02/dp/B07CJCGM1M,American Tourister 32 Ltrs Black Casual Backpack (AMT FIZZ SCH BAG 02 - BLACK),"1,199",4.0 out of 5 stars,"55,165",N/A,N/A,N/A,N/A
/Wesley-Milestone-Waterproof-Backpack-Business/dp/B084JGJ8PF,Wesley Milestone 2.0 Casual Waterproof Laptop Backpack/Office Bag/School Bag/College Bag/Business Bag/Travel Backpack (Dimensions:13x18 inches) (Compatible with 39.62cm(15.6inch laptop) 30 L (Blue & black),550,4.3 out of 5 stars,"11,534",N/A,N/A,N/A,N/A
/Half-Moon-Waterproof-Backpack-Students/dp/B085MHDJ93,"Half Moon 35L Water Resistant 15.6 inch Laptop Bag for Men/Backpack for Men, Navy Blue | Office Bag for Men/Office Bag for Women with Padded Laptop Compartment | Rain Cover & Reflective Strips",649,3.9 out of 5 stars,"16,366",N/A,N/A,"Half Moon Backpack - A Quality of BackpacksWe(Half Moon) are sellers and manufacturers of various types of Customized Bags. Our product array comprises Backpacks, Sports Bags, Duffel Bags, Drawstring Bags, etc. These bags accomplish the customer's specifications and requirements. We provide these bags in numerous colors, designs, shapes, shades, patterns, etc. Our bags are known for lightweight, easy carrying, versatile usage, and durable nature.FeaturesDURABLE MATERIAL:Made with strong polyester fabric with heavy zippers. Serves the need of a professional office laptop bag, college bag, student backpack, school bag and is suitable for all, i.e. boys, girls, men and women.COMFY & STURDY:Its padded, adjustable shoulder straps do not put pressure on the shoulders. Foamed padded top handle is easy on your palm and fingers.INNER MATERIAL:The material used in the inner compartments is thin yet strong and durable so, be assured of its quality. Thin material is used inside to make it lightweight & comfortable in carrying and to protect it from wear & tear.LOTS OF STORAGE SPACE & POCKETS:One separate Padded laptop compartment. Multiple compartments can store lots of stuff, that too organised.OTHER FEATURES:Rain cover, Reflector logo, Two water bottle/umbrella pockets, Secret-pocket at bottom for Rain cover and other stuffs, High-Quality zippers, Bartacks on pressure points for extra strength, Ergonomic design, etc.Casual Stylish BackpackThis trendy backpack comes with multiple pockets and compartments and is very spacious and can accommodate all your stuff and will still be left with more space. With all features like padded handle, padded laptop compartment, reflector logo, bottle pockets, rain/dust cover etc, there is nothing that this backpack does not offer.Backpack for Every NeedsThis MADE IN INDIA Product features 3 large zippered compartments, 2 water bottle /umbrella pockets, Rain cover, Laptop Compartment, Top padded Handle for comfort. Its ergonomics comfortable design makes you forget the load you are carrying,Spacious compartmentsThis casual backpack comes with three spacious zippered compartments which can accommodate your notebooks and other essentials with ease. Store your umbrella, notebooks and water bottle in this spacious bag and move around comfortably all day.Comfort & QualityThis casual bag has Wide, Padded and Adjustable shoulder straps and Padded Back for comfort in carrying heavy items. Stitched properly and Bartacks on every pressure point for extra durability.Rain / Dust CoverThis backpack includes a separate rain/dust cover which can be very handy. It keeps your valuables safe and secure from rain and dust and keeps the backpack neat and clean for a longer period of time.Proudly Made in IndiaHalf Moon is proud to be an Indian Brand. We understand the importance of Indian manufacturing and supply chains. It is the time when we revive local industries that's why this bag is Made in India by Indians using Indian materials.Shipped Directly from FactoryHalf Moon offers high-quality bags at the lowest prices. We offer bags directly from factory to the customer to provide the bag at lowest prices possible.Half Moon 35L Casual Waterproof Laptop Office School Backpack with Rain CoverHalf Moon Large 37L Laptop College School Bag Backpack for Men & WomenHalf Moon 35 L 15.6 inch Waterproof Laptop Office School Bag Backpack Rain CoverHalf Moon 35 L Waterproof Laptop Office School Bag Backpack with Rain CoverHalf Moon Water resistant Travelling Laptop Rucksack BackpackSize & Dimensions48 x 35 x 21 cm22 x 30 x 50 cm48 x 35 x 21 cm48 x 35 x 21 cm49 x 36 x 22 cmColorNavy BlueAvailable in Navy/Black/Sky BlueBlackNavy & OrangeBlackCapacity35 Litres37 Litres35 Litres35 Litres35 LitresBar-tacks✓✓✓✓✓Rain Cover✓✓✓✓✓Country of OriginIndiaIndiaIndiaIndiaIndia",N/A
/Gear-Black-Laptop-Backpack-LBPASPIRE0104/dp/B075MK4TXP,Gear Aspire 30L Water Restant Office Laptop Bag/Backpack for Men/Women/(Black),"1,085",4.4 out of 5 stars,"5,778",N/A,N/A,N/A,N/A
/Number-Backpack-Compartment-Charging-Organizer/dp/B09VTDMRY7,"FUR JADEN Anti Theft Number Lock Backpack Bag with 15.6 Inch Laptop Compartment, USB Charging Port & Organizer Pocket for Men Women Boys Girls",679,4.0 out of 5 stars,"4,631",N/A,N/A,N/A,N/A
/Rucksack-Travel-Backpack-Trekking-Compartment/dp/B07YDGQQN5,"Fur Jaden 55 LTR Rucksack Travel Backpack Bag for Trekking, Hiking with Shoe Compartment",849,4.3 out of 5 stars,"5,376",N/A,N/A,N/A,N/A